<?xml version="1.0" encoding="UTF-8"?>
<project-private xmlns="http://www.netbeans.org/ns/project-private/1">
    <editor-bookmarks xmlns="http://www.netbeans.org/ns/editor-bookmarks/2" lastBookmarkId="0"/>
    <open-files xmlns="http://www.netbeans.org/ns/projectui-open-files/2">
        <group>
            <file>file:/D:/Users/antho/Documents/Programmation/S4APP6/ProblematiqueWithMCC.X/S4-GE-APP6.c</file>
            <file>file:/D:/Users/antho/Documents/Programmation/S4APP6/ProblematiqueWithMCC.X/S4-GE-APP6.h</file>
            <file>file:/D:/Users/antho/Documents/Programmation/S4APP6/ProblematiqueWithMCC.X/LibPack/ssd.c</file>
        </group>
    </open-files>
</project-private>
