<?xml version="1.0" encoding="UTF-8"?>
<project-private xmlns="http://www.netbeans.org/ns/project-private/1">
    <editor-bookmarks xmlns="http://www.netbeans.org/ns/editor-bookmarks/2" lastBookmarkId="0"/>
    <open-files xmlns="http://www.netbeans.org/ns/projectui-open-files/2">
        <group>
            <file>file:/D:/Users/antho/Documents/Programmation/S4APP6/ProblematiqueWithMCC.X/filterIIRcoeffs.h</file>
            <file>file:/D:/Users/antho/Documents/Programmation/S4APP6/ProblematiqueWithMCC.X/S4-GE-APP6.c</file>
            <file>file:/D:/Users/antho/Documents/Programmation/S4APP6/ProblematiqueWithMCC.X/filterFIRcoeffs.h</file>
            <file>file:/D:/Users/antho/Documents/Programmation/S4APP6/ProblematiqueWithMCC.X/S4-GE-APP6.h</file>
            <file>file:/D:/Program%20Files/Microchip/xc32/v2.50/pic32mx/include/lega-c/dsplib_dsp.h</file>
            <file>file:/D:/Users/antho/Documents/Programmation/S4APP6/ProblematiqueWithMCC.X/mcc_generated_files/adc1.c</file>
        </group>
    </open-files>
</project-private>
